Start,End
13,20
26,31
31,36
31,37
31,40
31,41
31,43
31,44
32,40
32,41
32,44
35,40
35,41
35,44
37,41
38,41
38,44
42,54
42,58
42,59
48,58
48,59
60,78
63,72
63,74
63,78
66,72
66,76
66,78
66,84
71,78
73,78
73,84
73,86
73,87
75,86
77,86
79,86
79,87
79,88
85,101
87,99
87,101
88,99
88,101
90,103
96,108
100,113
102,113
103,113
105,113
105,115
106,113
108,113
108,115
126,135
129,137
129,140
133,141
136,150
146,161
155,167
155,169
155,172
156,169
156,172
157,172
159,172
167,178
167,179
167,182
168,179
168,182
173,182
176,182
178,182
183,191
183,193
183,195
193,205
193,210
196,201
196,202
196,204
196,205
196,209
196,212
199,205
199,209
200,209
201,209
201,212
202,212
203,212
206,212
213,223
214,225
219,224
219,225
219,226
219,234
219,235
221,234
224,235
225,235
230,239
231,247
231,248
235,250
235,254
235,255
236,247
236,254
237,247
240,255
240,256
240,257
240,260
243,255
256,275
257,267
257,275
258,268
258,275
258,277
261,268
261,275
282,291
284,292
286,291
